{
  "FilterHeaders": [
    {
      "Header": "user-agent",
      "IncludeInScript": false
    },
    {
      "Header": "upgrade-insecure-requests",
      "IncludeInScript": true
    },
    {
      "Header": "dnt",
      "IncludeInScript": true
    },
    {
      "Header": "accept-language",
      "IncludeInScript": false
    },
    {
      "Header": "accept-encoding",
      "IncludeInScript": false
    },
    {
      "Header": "accept",
      "IncludeInScript": false
    }
  ],
  "FilterResources": [
    {
      "IsNonResource": true,
      "type": "text/html"
    }
  ],
  "GeneralInfo": {
    "BrowserVersion": "",
    "IsWinInetMode": false,
    "MaxUsedConnections": 1,
    "RecordedBrowser": "Firefox",
    "RecordingDate": "Jun-23-2019",
    "RecordingDuration": 58859,
    "RecordingMode": "N/A",
    "RecordingTimeStamp": 1561295925,
    "RecordingType": "Browser",
    "TotalBytesReceived": 7070,
    "TotalBytesSent": 344,
    "TotalRequests": 1,
    "UserAgent": "Mozilla/5.0 (Windows NT 10.0; Win64; x64; rv:67.0) Gecko/20100101 Firefox/67.0"
  },
  "HostInfo": [
    {
      "DomainName": "bystored.com",
      "Domains": [
        {
          "HTTPVersion": "HTTP/1.1",
          "IP": "52.56.145.244",
          "IncludeInScript": true,
          "Name": "qa1.bystored.com",
          "Port": 80,
          "Requests": [
            {
              "CompressionType": "gzip",
              "DataType": "text/html",
              "DownloadTime": 219,
              "EventId": 296,
              "HttpStatus": 200,
              "Size": 7070,
              "URL": "http://qa1.bystored.com/contact-us"
            }
          ],
          "SSLCipher": "None",
          "SSLVersion": "None"
        }
      ],
      "IncludeInScript": true
    }
  ],
  "WebSocket": {
    "IncludeInScript": false,
    "IsScriptIncludeWebSocket": false
  },
  "NumberOfCorrelations": 0
}